trail_name,trail_url,region,length,elevation_gain,highest_point,rating,comment_date,comment_author,comment_text,label
Chain Lakes Loop,https://www.wta.org/go-hiking/hikes/chain-lakes-loop,Mt. Baker Area > Glacier,"6.5 miles, roundtrip","1,900 feet","5,400 feet",5 out of 5 stars,"Chain Lakes Loop — April 22, 2024",MossyBoots42,Logged trail conditions as of this morning: snow-free from TH to summit. The trail is dry and well-packed. Trekking poles are helpful on the descent but not required. One log across the trail at mile 2 — easily stepped over.,hikeable
Ptarmigan Ridge,https://www.wta.org/go-hiking/hikes/ptarmigan-ridge,Mt. Baker Area > Glacier,"8.8 miles, roundtrip","2,200 feet","6,500 feet",5 out of 5 stars,"Ptarmigan Ridge — May 1, 2025",WildflowerWatcher,Logged trail conditions as of this morning: snow-free from TH to summit. The trail is dry and well-packed. Trekking poles are helpful on the descent but not required. One log across the trail at mile 2 — easily stepped over.,hikeable
Franklin Falls,https://www.wta.org/go-hiking/hikes/franklin-falls,Snoqualmie Region > Snoqualmie Pass,"2.0 miles, roundtrip",400 feet,"2,400 feet",5 out of 5 stars,"Franklin Falls — March 14, 2025",CascadeCrest2024,All clear from bottom to top. Saw maybe 20 other hikers which felt manageable. Trailhead has a pit toilet that was clean and stocked. Trail surface is firm and dry. Don't forget sunscreen — it gets hot in the open sections.,hikeable
Franklin Falls,https://www.wta.org/go-hiking/hikes/franklin-falls,Snoqualmie Region > Snoqualmie Pass,"2.0 miles, roundtrip",400 feet,"2,400 feet",,"Franklin Falls — February 17, 2026",CascadeCrest2024,Total closure. The county has closed the forest service road due to flooding and rockfall. Even if you could get to the TH the trail is completely under snow. Multiple party turned back when we were there.,not_hikeable
Goat Lake,https://www.wta.org/go-hiking/hikes/goat-lake,Mountain Loop Highway > Darrington,"10.4 miles, roundtrip","1,300 feet","3,160 feet",4 out of 5 stars,"Goat Lake — October 11, 2025",WildflowerWatcher,Decent conditions with some caveats. Bottom third of the trail is snow-free. Middle third has some patches and requires careful footing. Top third is covered but packed down from other hikers. Microspikes helpful.,modest_conditions
Chain Lakes Loop,https://www.wta.org/go-hiking/hikes/chain-lakes-loop,Mt. Baker Area > Glacier,"6.5 miles, roundtrip","1,900 feet","5,400 feet",4 out of 5 stars,"Chain Lakes Loop — March 17, 2025",WildflowerWatcher,Wonderful hiking today. Trail opens up at the top with stunning 360 degree views and absolutely no snow in sight. Recommend starting early to beat the afternoon heat. Trail is well-maintained and signed.,hikeable
Heliotrope Ridge,https://www.wta.org/go-hiking/hikes/heliotrope-ridge,Mt. Baker Area > Glacier,"6.0 miles, roundtrip","2,000 feet","6,100 feet",1 out of 5 stars,"Heliotrope Ridge — February 15, 2026",SnoqualmieSusan,"Not hikeable right now. Road is impassable due to a rockslide. Even with clear roads, the trail is completely under snow from bottom to top. We could see from a distance — no exposed trail anywhere. Wait for late summer.",not_hikeable
Ingalls Lake,https://www.wta.org/go-hiking/hikes/lake-ingalls,Central Cascades > Leavenworth,"9.0 miles, roundtrip","2,700 feet","6,500 feet",1 out of 5 stars,"Ingalls Lake — December 15, 2024",PNWPeakBagger,Impassable. We found the TH gate chained shut — no access due to snow on the road. We tried hiking in from 2 miles back but the snow depth made it impossible without snowshoes. Not worth the effort currently.,not_hikeable
Mount Pilchuck,https://www.wta.org/go-hiking/hikes/mount-pilchuck,Mountain Loop Highway > Granite Falls,"5.4 miles, roundtrip","2,200 feet","5,324 feet",3 out of 5 stars,"Mount Pilchuck — October 29, 2024",LakesAndPeaks,The first 3 miles are completely clear and dry. After the switchbacks the trail picks up some snow coverage (maybe a foot in spots). We were glad to have microspikes. Spectacular scenery though — worth it!,modest_conditions
Goat Lake,https://www.wta.org/go-hiking/hikes/goat-lake,Mountain Loop Highway > Darrington,"10.4 miles, roundtrip","1,300 feet","3,160 feet",5 out of 5 stars,"Goat Lake — December 12, 2024",SummitSeeker_WA,"The trail is in the best shape I've seen in years. Completely dry, well-maintained, no blowdowns. Parking area was busy but we found a spot quickly. The views of the Cascades were crystal clear from the top.",hikeable
Chain Lakes Loop,https://www.wta.org/go-hiking/hikes/chain-lakes-loop,Mt. Baker Area > Glacier,"6.5 miles, roundtrip","1,900 feet","5,400 feet",5 out of 5 stars,"Chain Lakes Loop — March 11, 2024",AlpineAdventurer,Just got back from a wonderful day out here. Trail is completely clear of snow. Wildflowers are starting to come up near the upper meadows. Bring plenty of water as there are limited reliable sources right now.,hikeable
Twin Falls,https://www.wta.org/go-hiking/hikes/twin-falls,Snoqualmie Region > North Bend Area,"2.6 miles, roundtrip",500 feet,600 feet,4 out of 5 stars,"Twin Falls — December 15, 2025",AlpineAdventurer,Just returned. Trail conditions: excellent. Zero snow. A few muddy sections after last week's rain but nothing requiring special footwear. The wildflowers were absolutely popping near the ridgeline.,hikeable
Franklin Falls,https://www.wta.org/go-hiking/hikes/franklin-falls,Snoqualmie Region > Snoqualmie Pass,"2.0 miles, roundtrip",400 feet,"2,400 feet",,"Franklin Falls — March 13, 2024",WeekendWarriorWendy,Not hikeable in current conditions. The upper trail is an avalanche zone right now — we could see recent avalanche debris on the hillside across the valley. Road is open but please don't attempt this trail.,not_hikeable
Wallace Falls,https://www.wta.org/go-hiking/hikes/wallace-falls,Central Cascades > Index,"5.6 miles, roundtrip","1,300 feet","1,600 feet",3 out of 5 stars,"Wallace Falls — February 13, 2025",BackcountryBridget,The road is open all the way to the TH. First two miles are clear. Snow starts around mile 2 and gets deeper toward the summit (18-24 inches by the top). Postholing without microspikes. Conditions manageable with proper gear.,modest_conditions
Ptarmigan Ridge,https://www.wta.org/go-hiking/hikes/ptarmigan-ridge,Mt. Baker Area > Glacier,"8.8 miles, roundtrip","2,200 feet","6,500 feet",,"Ptarmigan Ridge — January 15, 2024",ClearCreekHiker,"The trail is buried and the road is closed. There was a recent mudslide that has blocked the access road. Additionally, significant avalanche debris was visible on the upper slopes. This trail is unsafe right now — wait it out.",not_hikeable
Mount Pilchuck,https://www.wta.org/go-hiking/hikes/mount-pilchuck,Mountain Loop Highway > Granite Falls,"5.4 miles, roundtrip","2,200 feet","5,324 feet",1 out of 5 stars,"Mount Pilchuck — July 11, 2025",CascadeWanderer,"The trail is buried and the road is closed. There was a recent mudslide that has blocked the access road. Additionally, significant avalanche debris was visible on the upper slopes. This trail is unsafe right now — wait it out.",not_hikeable
Mount Si,https://www.wta.org/go-hiking/hikes/mount-si,Snoqualmie Region > North Bend Area,"8.0 miles, roundtrip","3,150 feet","3,900 feet",4 out of 5 stars,"Mount Si — December 24, 2024",WeekendWarriorWendy,"Conditions are 'mostly hikeable' with the right gear. Trail is clear from TH to the creek. After the creek there are intermittent snow patches, becoming continuous above 4,500 feet. Go prepared with traction devices.",modest_conditions
Mailbox Peak,https://www.wta.org/go-hiking/hikes/mailbox-peak-new-trail,Snoqualmie Region > North Bend Area,"9.4 miles, roundtrip","4,000 feet","4,831 feet",,"Mailbox Peak — March 17, 2026",SnowpackSam,Conditions are dangerous. The trail above mile 2 is buried under 6 feet of wind-packed snow. The TH access road had downed trees blocking it — we had to turn around before even starting the hike.,not_hikeable
Heliotrope Ridge,https://www.wta.org/go-hiking/hikes/heliotrope-ridge,Mt. Baker Area > Glacier,"6.0 miles, roundtrip","2,000 feet","6,100 feet",5 out of 5 stars,"Heliotrope Ridge — February 8, 2026",MtBakerFan,Trail is in great shape today! Dry conditions from the TH all the way to the summit. No snow encountered anywhere on the route. Parking lot was about half full when I arrived around 9am. Highly recommend for a weekend outing.,hikeable
Goat Lake,https://www.wta.org/go-hiking/hikes/goat-lake,Mountain Loop Highway > Darrington,"10.4 miles, roundtrip","1,300 feet","3,160 feet",5 out of 5 stars,"Goat Lake — July 13, 2024",FernGullyHiker,The trail is fully accessible and snow-free. The creek crossing at mile 1.5 is easily fordable with dry boots. Wildflowers in the meadow section were incredible. We'll definitely be back.,hikeable
Goat Lake,https://www.wta.org/go-hiking/hikes/goat-lake,Mountain Loop Highway > Darrington,"10.4 miles, roundtrip","1,300 feet","3,160 feet",4 out of 5 stars,"Goat Lake — November 11, 2025",TrailConditionsTed,Road is open but the last 0.5 mile to TH was icy this morning. Trail itself alternates between clear and snowy sections. Above the lake everything was under a thin crust. Bring traction devices.,modest_conditions
Heliotrope Ridge,https://www.wta.org/go-hiking/hikes/heliotrope-ridge,Mt. Baker Area > Glacier,"6.0 miles, roundtrip","2,000 feet","6,100 feet",2 out of 5 stars,"Heliotrope Ridge — December 29, 2024",FernGullyHiker,"The TH road is closed by Forest Service order due to snow. Even on foot the access is sketchy — icy road, downed trees, and active snowmelt. The trail itself is under several feet of snow. Postpone your trip.",not_hikeable
Annette Lake,https://www.wta.org/go-hiking/hikes/annette-lake,Snoqualmie Region > Snoqualmie Pass,"7.5 miles, roundtrip","1,300 feet","3,600 feet",3 out of 5 stars,"Annette Lake — November 10, 2025",MtBakerFan,Mixed conditions depending on elevation. Lower forest trail is mud and roots — clear of snow. As you gain elevation you start hitting snow patches. By the time you reach the exposed ridge it was continuous snow. Microspikes a must.,modest_conditions
Maple Pass Loop,https://www.wta.org/go-hiking/hikes/maple-pass-loop,North Cascades > Methow Valley,"7.0 miles, roundtrip","2,000 feet","6,800 feet",3 out of 5 stars,"Maple Pass Loop — September 24, 2024",CascadeWanderer,Hiked this weekend. Trail is accessible but expect some snow in the upper half. The meadow section had about 6 inches of coverage which was manageable. Route finding was easy since the trail was still visible. Great day out.,modest_conditions
Wallace Falls,https://www.wta.org/go-hiking/hikes/wallace-falls,Central Cascades > Index,"5.6 miles, roundtrip","1,300 feet","1,600 feet",5 out of 5 stars,"Wallace Falls — February 17, 2025",PugetSoundTrails,"The trail is in the best shape I've seen in years. Completely dry, well-maintained, no blowdowns. Parking area was busy but we found a spot quickly. The views of the Cascades were crystal clear from the top.",hikeable
Maple Pass Loop,https://www.wta.org/go-hiking/hikes/maple-pass-loop,North Cascades > Methow Valley,"7.0 miles, roundtrip","2,000 feet","6,800 feet",5 out of 5 stars,"Maple Pass Loop — May 27, 2025",SnowpackSam,"I was nervous about conditions given recent weather but the trail was perfect. Completely clear, great traction even without poles. The logging road to the TH has some potholes but is passable in a regular car.",hikeable
Wallace Falls,https://www.wta.org/go-hiking/hikes/wallace-falls,Central Cascades > Index,"5.6 miles, roundtrip","1,300 feet","1,600 feet",1 out of 5 stars,"Wallace Falls — December 25, 2025",WeekendWarriorWendy,Impassable. We found the TH gate chained shut — no access due to snow on the road. We tried hiking in from 2 miles back but the snow depth made it impossible without snowshoes. Not worth the effort currently.,not_hikeable
Ptarmigan Ridge,https://www.wta.org/go-hiking/hikes/ptarmigan-ridge,Mt. Baker Area > Glacier,"8.8 miles, roundtrip","2,200 feet","6,500 feet",4 out of 5 stars,"Ptarmigan Ridge — August 24, 2024",RainierRoamer,The first 3 miles are completely clear and dry. After the switchbacks the trail picks up some snow coverage (maybe a foot in spots). We were glad to have microspikes. Spectacular scenery though — worth it!,modest_conditions
Ingalls Lake,https://www.wta.org/go-hiking/hikes/lake-ingalls,Central Cascades > Leavenworth,"9.0 miles, roundtrip","2,700 feet","6,500 feet",5 out of 5 stars,"Ingalls Lake — January 28, 2024",OlympicPenHiker,Perfect early season hike! No snow anywhere. Road is open with no closures. The high meadows are coming alive with early blooms. We lingered at the lake for lunch and saw osprey hunting. 10/10 recommend.,hikeable
Twin Falls,https://www.wta.org/go-hiking/hikes/twin-falls,Snoqualmie Region > North Bend Area,"2.6 miles, roundtrip",500 feet,600 feet,1 out of 5 stars,"Twin Falls — March 12, 2026",CascadeCrest2024,We attempted this trail last weekend and had to bail. The trail was completely buried. A large tree had fallen across the access road and the stream crossing was flooded and uncrossable. Unsafe conditions all around.,not_hikeable
Heliotrope Ridge,https://www.wta.org/go-hiking/hikes/heliotrope-ridge,Mt. Baker Area > Glacier,"6.0 miles, roundtrip","2,000 feet","6,100 feet",,"Heliotrope Ridge — August 13, 2025",SummitSeeker_WA,Do NOT attempt this hike right now. The upper mountain is buried under 5+ feet of snow. The TH road has a gate closure due to avalanche risk. We had to turn back 200 feet from the TH. Wait for summer conditions.,not_hikeable
Chain Lakes Loop,https://www.wta.org/go-hiking/hikes/chain-lakes-loop,Mt. Baker Area > Glacier,"6.5 miles, roundtrip","1,900 feet","5,400 feet",3 out of 5 stars,"Chain Lakes Loop — March 14, 2025",PNWPeakBagger,Road to TH had some ice this morning but nothing that required chains. Trail is clear for the first 2 miles then snow picks up. Microspikes were helpful on the steeper portions. Plan for extra time if hiking in snow.,modest_conditions
Mount Si,https://www.wta.org/go-hiking/hikes/mount-si,Snoqualmie Region > North Bend Area,"8.0 miles, roundtrip","3,150 feet","3,900 feet",3 out of 5 stars,"Mount Si — February 15, 2024",SnowpackSam,The road is open all the way to the TH. First two miles are clear. Snow starts around mile 2 and gets deeper toward the summit (18-24 inches by the top). Postholing without microspikes. Conditions manageable with proper gear.,modest_conditions
Sahale Arm,https://www.wta.org/go-hiking/hikes/sahale-arm,North Cascades > Cascade Pass,"12.0 miles, roundtrip","3,900 feet","7,600 feet",4 out of 5 stars,"Sahale Arm — March 12, 2024",SnowpackSam,"Nice hike but definitely late season snow conditions. The first mile is totally dry, but after the first switchback set you start hitting snow. We had microspikes and it was fine, but I'd call these 'moderate winter conditions' overall.",modest_conditions
Twin Falls,https://www.wta.org/go-hiking/hikes/twin-falls,Snoqualmie Region > North Bend Area,"2.6 miles, roundtrip",500 feet,600 feet,3 out of 5 stars,"Twin Falls — November 14, 2025",WeekendWarriorWendy,The road is open all the way to the TH. First two miles are clear. Snow starts around mile 2 and gets deeper toward the summit (18-24 inches by the top). Postholing without microspikes. Conditions manageable with proper gear.,modest_conditions
Lake Ann,https://www.wta.org/go-hiking/hikes/lake-ann,North Cascades > Mt. Baker Area,"8.0 miles, roundtrip","1,800 feet","4,900 feet",1 out of 5 stars,"Lake Ann — April 26, 2024",HikingWithHuskies,DO NOT GO. Fresh snowfall (3+ feet) in the last 48 hours has made this trail completely unnavigable. We couldn't find the trail at all past the parking area. One member of our group postholed to mid-thigh. Turn back.,not_hikeable
Chain Lakes Loop,https://www.wta.org/go-hiking/hikes/chain-lakes-loop,Mt. Baker Area > Glacier,"6.5 miles, roundtrip","1,900 feet","5,400 feet",5 out of 5 stars,"Chain Lakes Loop — March 21, 2025",ClearCreekHiker,The trail is fully accessible and snow-free. The creek crossing at mile 1.5 is easily fordable with dry boots. Wildflowers in the meadow section were incredible. We'll definitely be back.,hikeable
Mailbox Peak,https://www.wta.org/go-hiking/hikes/mailbox-peak-new-trail,Snoqualmie Region > North Bend Area,"9.4 miles, roundtrip","4,000 feet","4,831 feet",5 out of 5 stars,"Mailbox Peak — March 11, 2024",GlacierPeakPatrol,"Gorgeous hike today with friends. Dry trail from start to finish. No road closures, parking fee station was staffed. We hiked the full route including the off-trail scramble to the viewpoint. No issues at all.",hikeable
Goat Lake,https://www.wta.org/go-hiking/hikes/goat-lake,Mountain Loop Highway > Darrington,"10.4 miles, roundtrip","1,300 feet","3,160 feet",4 out of 5 stars,"Goat Lake — February 2, 2024",SummitSeeker_WA,Just got back from a wonderful day out here. Trail is completely clear of snow. Wildflowers are starting to come up near the upper meadows. Bring plenty of water as there are limited reliable sources right now.,hikeable
Annette Lake,https://www.wta.org/go-hiking/hikes/annette-lake,Snoqualmie Region > Snoqualmie Pass,"7.5 miles, roundtrip","1,300 feet","3,600 feet",3 out of 5 stars,"Annette Lake — September 1, 2024",RainierRoamer,Decent conditions with some caveats. Bottom third of the trail is snow-free. Middle third has some patches and requires careful footing. Top third is covered but packed down from other hikers. Microspikes helpful.,modest_conditions
Ptarmigan Ridge,https://www.wta.org/go-hiking/hikes/ptarmigan-ridge,Mt. Baker Area > Glacier,"8.8 miles, roundtrip","2,200 feet","6,500 feet",4 out of 5 stars,"Ptarmigan Ridge — September 23, 2024",MossyBoots42,The road is open all the way to the TH. First two miles are clear. Snow starts around mile 2 and gets deeper toward the summit (18-24 inches by the top). Postholing without microspikes. Conditions manageable with proper gear.,modest_conditions
Mount Si,https://www.wta.org/go-hiking/hikes/mount-si,Snoqualmie Region > North Bend Area,"8.0 miles, roundtrip","3,150 feet","3,900 feet",2 out of 5 stars,"Mount Si — April 18, 2024",HikingWithHuskies,We attempted this trail last weekend and had to bail. The trail was completely buried. A large tree had fallen across the access road and the stream crossing was flooded and uncrossable. Unsafe conditions all around.,not_hikeable
Mailbox Peak,https://www.wta.org/go-hiking/hikes/mailbox-peak-new-trail,Snoqualmie Region > North Bend Area,"9.4 miles, roundtrip","4,000 feet","4,831 feet",1 out of 5 stars,"Mailbox Peak — May 25, 2024",SnowpackSam,Do NOT attempt this hike right now. The upper mountain is buried under 5+ feet of snow. The TH road has a gate closure due to avalanche risk. We had to turn back 200 feet from the TH. Wait for summer conditions.,not_hikeable
Lake Ann,https://www.wta.org/go-hiking/hikes/lake-ann,North Cascades > Mt. Baker Area,"8.0 miles, roundtrip","1,800 feet","4,900 feet",2 out of 5 stars,"Lake Ann — August 25, 2024",MossyBoots42,Total closure. The county has closed the forest service road due to flooding and rockfall. Even if you could get to the TH the trail is completely under snow. Multiple party turned back when we were there.,not_hikeable
Goat Lake,https://www.wta.org/go-hiking/hikes/goat-lake,Mountain Loop Highway > Darrington,"10.4 miles, roundtrip","1,300 feet","3,160 feet",5 out of 5 stars,"Goat Lake — February 20, 2025",HikingWithHuskies,"Hiked this today with my family including two young kids. Trail was in perfect condition — dry, well-signed, and clear. We saw a black bear near the upper switchbacks but it ran off immediately. No hazards to report.",hikeable
Ingalls Lake,https://www.wta.org/go-hiking/hikes/lake-ingalls,Central Cascades > Leavenworth,"9.0 miles, roundtrip","2,700 feet","6,500 feet",4 out of 5 stars,"Ingalls Lake — November 13, 2025",ClearCreekHiker,The road is open all the way to the TH. First two miles are clear. Snow starts around mile 2 and gets deeper toward the summit (18-24 inches by the top). Postholing without microspikes. Conditions manageable with proper gear.,modest_conditions
Ptarmigan Ridge,https://www.wta.org/go-hiking/hikes/ptarmigan-ridge,Mt. Baker Area > Glacier,"8.8 miles, roundtrip","2,200 feet","6,500 feet",4 out of 5 stars,"Ptarmigan Ridge — July 6, 2024",TrailConditionsTed,The trail is fully accessible and snow-free. The creek crossing at mile 1.5 is easily fordable with dry boots. Wildflowers in the meadow section were incredible. We'll definitely be back.,hikeable
Wallace Falls,https://www.wta.org/go-hiking/hikes/wallace-falls,Central Cascades > Index,"5.6 miles, roundtrip","1,300 feet","1,600 feet",5 out of 5 stars,"Wallace Falls — March 30, 2024",SnoqualmieSusan,Wonderful hiking today. Trail opens up at the top with stunning 360 degree views and absolutely no snow in sight. Recommend starting early to beat the afternoon heat. Trail is well-maintained and signed.,hikeable
Ingalls Lake,https://www.wta.org/go-hiking/hikes/lake-ingalls,Central Cascades > Leavenworth,"9.0 miles, roundtrip","2,700 feet","6,500 feet",4 out of 5 stars,"Ingalls Lake — May 4, 2024",PugetSoundTrails,The first 3 miles are completely clear and dry. After the switchbacks the trail picks up some snow coverage (maybe a foot in spots). We were glad to have microspikes. Spectacular scenery though — worth it!,modest_conditions
Twin Falls,https://www.wta.org/go-hiking/hikes/twin-falls,Snoqualmie Region > North Bend Area,"2.6 miles, roundtrip",500 feet,600 feet,3 out of 5 stars,"Twin Falls — September 19, 2025",WeekendWarriorWendy,Trail is passable but not summer conditions. There's 1-2 feet of snow from the upper meadows to the top. Microspikes essential. The lower forest section is completely clear and pleasant. A gorgeous but demanding hike right now.,modest_conditions
Ptarmigan Ridge,https://www.wta.org/go-hiking/hikes/ptarmigan-ridge,Mt. Baker Area > Glacier,"8.8 miles, roundtrip","2,200 feet","6,500 feet",2 out of 5 stars,"Ptarmigan Ridge — October 28, 2025",BackcountryBridget,"Not hikeable right now. Road is impassable due to a rockslide. Even with clear roads, the trail is completely under snow from bottom to top. We could see from a distance — no exposed trail anywhere. Wait for late summer.",not_hikeable
Ingalls Lake,https://www.wta.org/go-hiking/hikes/lake-ingalls,Central Cascades > Leavenworth,"9.0 miles, roundtrip","2,700 feet","6,500 feet",1 out of 5 stars,"Ingalls Lake — March 28, 2024",FernGullyHiker,Impassable. We found the TH gate chained shut — no access due to snow on the road. We tried hiking in from 2 miles back but the snow depth made it impossible without snowshoes. Not worth the effort currently.,not_hikeable
Mount Pilchuck,https://www.wta.org/go-hiking/hikes/mount-pilchuck,Mountain Loop Highway > Granite Falls,"5.4 miles, roundtrip","2,200 feet","5,324 feet",3 out of 5 stars,"Mount Pilchuck — April 26, 2025",MossyBoots42,Snow begins just past the main viewpoint. Lower sections are clear and pleasant. Some sections of icy trail on the shaded side of the ridge. We managed fine with poles and microspikes. Fewer people than usual.,modest_conditions
Sahale Arm,https://www.wta.org/go-hiking/hikes/sahale-arm,North Cascades > Cascade Pass,"12.0 miles, roundtrip","3,900 feet","7,600 feet",2 out of 5 stars,"Sahale Arm — May 21, 2025",TrailBlazerPNW,Heavy recent snowfall has completely covered the trail. We couldn't find the route above the TH. No other footprints. The road had a closure sign posted 3 miles before the TH. Save yourself the frustration and wait.,not_hikeable
Mount Si,https://www.wta.org/go-hiking/hikes/mount-si,Snoqualmie Region > North Bend Area,"8.0 miles, roundtrip","3,150 feet","3,900 feet",4 out of 5 stars,"Mount Si — September 25, 2025",PNWPeakBagger,Perfect early season hike! No snow anywhere. Road is open with no closures. The high meadows are coming alive with early blooms. We lingered at the lake for lunch and saw osprey hunting. 10/10 recommend.,hikeable
Mount Si,https://www.wta.org/go-hiking/hikes/mount-si,Snoqualmie Region > North Bend Area,"8.0 miles, roundtrip","3,150 feet","3,900 feet",4 out of 5 stars,"Mount Si — January 24, 2025",CascadeCrest2024,Trail has some patchy snow starting around mile 2.5 near the ridgeline. Lower portions are clear and dry. Microspikes helpful but not required if you're careful. Beautiful conditions overall with just a hint of winter lingering.,modest_conditions
Ingalls Lake,https://www.wta.org/go-hiking/hikes/lake-ingalls,Central Cascades > Leavenworth,"9.0 miles, roundtrip","2,700 feet","6,500 feet",3 out of 5 stars,"Ingalls Lake — March 30, 2026",SnoqualmieSusan,"Conditions are 'mostly hikeable' with the right gear. Trail is clear from TH to the creek. After the creek there are intermittent snow patches, becoming continuous above 4,500 feet. Go prepared with traction devices.",modest_conditions
Chain Lakes Loop,https://www.wta.org/go-hiking/hikes/chain-lakes-loop,Mt. Baker Area > Glacier,"6.5 miles, roundtrip","1,900 feet","5,400 feet",5 out of 5 stars,"Chain Lakes Loop — January 30, 2026",CascadeWanderer,Road to TH is open and in good condition. Trail is snow-free all the way. Some light mud near the stream crossings. We did the full loop and encountered maybe 8-10 other groups. A gem of a hike!,hikeable
Lake Ann,https://www.wta.org/go-hiking/hikes/lake-ann,North Cascades > Mt. Baker Area,"8.0 miles, roundtrip","1,800 feet","4,900 feet",3 out of 5 stars,"Lake Ann — March 17, 2026",AlpineAdventurer,"Hiked this yesterday. Conditions were mixed — lower trail is perfect, but there's a continuous snow band from about the junction to the summit. Maybe 6-8 inches. Microspikes were needed. Road was open.",modest_conditions
Goat Lake,https://www.wta.org/go-hiking/hikes/goat-lake,Mountain Loop Highway > Darrington,"10.4 miles, roundtrip","1,300 feet","3,160 feet",4 out of 5 stars,"Goat Lake — December 9, 2024",SnowpackSam,Some snow on the upper reaches of the trail above mile 3. The lower trail is easy going. Bring microspikes just in case. Trail is well-marked even under shallow snow. Gorgeous views from the high point.,modest_conditions
Ingalls Lake,https://www.wta.org/go-hiking/hikes/lake-ingalls,Central Cascades > Leavenworth,"9.0 miles, roundtrip","2,700 feet","6,500 feet",4 out of 5 stars,"Ingalls Lake — June 2, 2025",FernGullyHiker,Road to TH is open and in good condition. Trail is snow-free all the way. Some light mud near the stream crossings. We did the full loop and encountered maybe 8-10 other groups. A gem of a hike!,hikeable
Mount Si,https://www.wta.org/go-hiking/hikes/mount-si,Snoqualmie Region > North Bend Area,"8.0 miles, roundtrip","3,150 feet","3,900 feet",4 out of 5 stars,"Mount Si — November 19, 2024",MossyBoots42,"Did this hike on a clear sunny weekday. Trail was dry and in excellent condition, no snow whatsoever. Met a trail crew doing some maintenance near mile 3 — give them a wave! Spectacular scenery all the way.",hikeable
Goat Lake,https://www.wta.org/go-hiking/hikes/goat-lake,Mountain Loop Highway > Darrington,"10.4 miles, roundtrip","1,300 feet","3,160 feet",4 out of 5 stars,"Goat Lake — November 30, 2024",WeekendWarriorWendy,Some lingering snow on the upper sections. Most of the lower trail is ice-free. There's one tricky icy traverse near the summit block — caution advised without microspikes. Otherwise perfectly enjoyable.,modest_conditions
Ingalls Lake,https://www.wta.org/go-hiking/hikes/lake-ingalls,Central Cascades > Leavenworth,"9.0 miles, roundtrip","2,700 feet","6,500 feet",3 out of 5 stars,"Ingalls Lake — April 24, 2024",TrailBlazerPNW,The first 3 miles are completely clear and dry. After the switchbacks the trail picks up some snow coverage (maybe a foot in spots). We were glad to have microspikes. Spectacular scenery though — worth it!,modest_conditions
Maple Pass Loop,https://www.wta.org/go-hiking/hikes/maple-pass-loop,North Cascades > Methow Valley,"7.0 miles, roundtrip","2,000 feet","6,800 feet",5 out of 5 stars,"Maple Pass Loop — July 7, 2025",PNWPeakBagger,Just got back from a wonderful day out here. Trail is completely clear of snow. Wildflowers are starting to come up near the upper meadows. Bring plenty of water as there are limited reliable sources right now.,hikeable
Twin Falls,https://www.wta.org/go-hiking/hikes/twin-falls,Snoqualmie Region > North Bend Area,"2.6 miles, roundtrip",500 feet,600 feet,3 out of 5 stars,"Twin Falls — April 1, 2026",TrailConditionsTed,"Conditions are 'mostly hikeable' with the right gear. Trail is clear from TH to the creek. After the creek there are intermittent snow patches, becoming continuous above 4,500 feet. Go prepared with traction devices.",modest_conditions
Heliotrope Ridge,https://www.wta.org/go-hiking/hikes/heliotrope-ridge,Mt. Baker Area > Glacier,"6.0 miles, roundtrip","2,000 feet","6,100 feet",,"Heliotrope Ridge — January 18, 2026",TrailConditionsTed,Full snowpack from TH onwards. This trail is NOT currently hikeable without mountaineering gear. The approach was post-hole hell. We gave up at the first major viewpoint and descended safely. Check back in July.,not_hikeable
Goat Lake,https://www.wta.org/go-hiking/hikes/goat-lake,Mountain Loop Highway > Darrington,"10.4 miles, roundtrip","1,300 feet","3,160 feet",5 out of 5 stars,"Goat Lake — September 3, 2024",MossyBoots42,Just got back from a wonderful day out here. Trail is completely clear of snow. Wildflowers are starting to come up near the upper meadows. Bring plenty of water as there are limited reliable sources right now.,hikeable
Goat Lake,https://www.wta.org/go-hiking/hikes/goat-lake,Mountain Loop Highway > Darrington,"10.4 miles, roundtrip","1,300 feet","3,160 feet",3 out of 5 stars,"Goat Lake — September 17, 2025",HikingWithHuskies,Road to TH had some ice this morning but nothing that required chains. Trail is clear for the first 2 miles then snow picks up. Microspikes were helpful on the steeper portions. Plan for extra time if hiking in snow.,modest_conditions
Goat Lake,https://www.wta.org/go-hiking/hikes/goat-lake,Mountain Loop Highway > Darrington,"10.4 miles, roundtrip","1,300 feet","3,160 feet",3 out of 5 stars,"Goat Lake — February 2, 2025",TrailConditionsTed,Trail has some patchy snow starting around mile 2.5 near the ridgeline. Lower portions are clear and dry. Microspikes helpful but not required if you're careful. Beautiful conditions overall with just a hint of winter lingering.,modest_conditions
Mount Pilchuck,https://www.wta.org/go-hiking/hikes/mount-pilchuck,Mountain Loop Highway > Granite Falls,"5.4 miles, roundtrip","2,200 feet","5,324 feet",4 out of 5 stars,"Mount Pilchuck — February 12, 2024",RainierRoamer,"Nice hike but definitely late season snow conditions. The first mile is totally dry, but after the first switchback set you start hitting snow. We had microspikes and it was fine, but I'd call these 'moderate winter conditions' overall.",modest_conditions
Heliotrope Ridge,https://www.wta.org/go-hiking/hikes/heliotrope-ridge,Mt. Baker Area > Glacier,"6.0 miles, roundtrip","2,000 feet","6,100 feet",1 out of 5 stars,"Heliotrope Ridge — December 14, 2024",WeekendWarriorWendy,Do NOT attempt this hike right now. The upper mountain is buried under 5+ feet of snow. The TH road has a gate closure due to avalanche risk. We had to turn back 200 feet from the TH. Wait for summer conditions.,not_hikeable
Franklin Falls,https://www.wta.org/go-hiking/hikes/franklin-falls,Snoqualmie Region > Snoqualmie Pass,"2.0 miles, roundtrip",400 feet,"2,400 feet",5 out of 5 stars,"Franklin Falls — February 12, 2025",ClearCreekHiker,"Gorgeous hike today with friends. Dry trail from start to finish. No road closures, parking fee station was staffed. We hiked the full route including the off-trail scramble to the viewpoint. No issues at all.",hikeable
Ingalls Lake,https://www.wta.org/go-hiking/hikes/lake-ingalls,Central Cascades > Leavenworth,"9.0 miles, roundtrip","2,700 feet","6,500 feet",3 out of 5 stars,"Ingalls Lake — January 13, 2025",MossyBoots42,The first 3 miles are completely clear and dry. After the switchbacks the trail picks up some snow coverage (maybe a foot in spots). We were glad to have microspikes. Spectacular scenery though — worth it!,modest_conditions
Annette Lake,https://www.wta.org/go-hiking/hikes/annette-lake,Snoqualmie Region > Snoqualmie Pass,"7.5 miles, roundtrip","1,300 feet","3,600 feet",4 out of 5 stars,"Annette Lake — June 5, 2024",FernGullyHiker,Logged trail conditions as of this morning: snow-free from TH to summit. The trail is dry and well-packed. Trekking poles are helpful on the descent but not required. One log across the trail at mile 2 — easily stepped over.,hikeable
Lake Ann,https://www.wta.org/go-hiking/hikes/lake-ann,North Cascades > Mt. Baker Area,"8.0 miles, roundtrip","1,800 feet","4,900 feet",4 out of 5 stars,"Lake Ann — August 8, 2024",RainierRoamer,"Hiked this today with my family including two young kids. Trail was in perfect condition — dry, well-signed, and clear. We saw a black bear near the upper switchbacks but it ran off immediately. No hazards to report.",hikeable
Franklin Falls,https://www.wta.org/go-hiking/hikes/franklin-falls,Snoqualmie Region > Snoqualmie Pass,"2.0 miles, roundtrip",400 feet,"2,400 feet",5 out of 5 stars,"Franklin Falls — October 25, 2025",WildflowerWatcher,Logged trail conditions as of this morning: snow-free from TH to summit. The trail is dry and well-packed. Trekking poles are helpful on the descent but not required. One log across the trail at mile 2 — easily stepped over.,hikeable
Wallace Falls,https://www.wta.org/go-hiking/hikes/wallace-falls,Central Cascades > Index,"5.6 miles, roundtrip","1,300 feet","1,600 feet",3 out of 5 stars,"Wallace Falls — October 17, 2024",SummitSeeker_WA,The road is open all the way to the TH. First two miles are clear. Snow starts around mile 2 and gets deeper toward the summit (18-24 inches by the top). Postholing without microspikes. Conditions manageable with proper gear.,modest_conditions
Lake Ann,https://www.wta.org/go-hiking/hikes/lake-ann,North Cascades > Mt. Baker Area,"8.0 miles, roundtrip","1,800 feet","4,900 feet",5 out of 5 stars,"Lake Ann — March 24, 2025",AlpineAdventurer,"Hiked with my dog off-leash in a few spots — other hikers were friendly and the trail was empty enough to enjoy. Completely snow-free, nice and dry. Would definitely come back next weekend.",hikeable
Ptarmigan Ridge,https://www.wta.org/go-hiking/hikes/ptarmigan-ridge,Mt. Baker Area > Glacier,"8.8 miles, roundtrip","2,200 feet","6,500 feet",5 out of 5 stars,"Ptarmigan Ridge — May 22, 2024",SnowpackSam,"Did this hike on a clear sunny weekday. Trail was dry and in excellent condition, no snow whatsoever. Met a trail crew doing some maintenance near mile 3 — give them a wave! Spectacular scenery all the way.",hikeable
Goat Lake,https://www.wta.org/go-hiking/hikes/goat-lake,Mountain Loop Highway > Darrington,"10.4 miles, roundtrip","1,300 feet","3,160 feet",5 out of 5 stars,"Goat Lake — May 15, 2024",SnoqualmieSusan,"No issues to report! Trail is dry and clear all the way through. Encountered a few runners which is a bit frustrating on a narrow trail but overall a great experience. No snow, no road closures.",hikeable
Ingalls Lake,https://www.wta.org/go-hiking/hikes/lake-ingalls,Central Cascades > Leavenworth,"9.0 miles, roundtrip","2,700 feet","6,500 feet",4 out of 5 stars,"Ingalls Lake — June 16, 2024",PugetSoundTrails,All clear from bottom to top. Saw maybe 20 other hikers which felt manageable. Trailhead has a pit toilet that was clean and stocked. Trail surface is firm and dry. Don't forget sunscreen — it gets hot in the open sections.,hikeable
Maple Pass Loop,https://www.wta.org/go-hiking/hikes/maple-pass-loop,North Cascades > Methow Valley,"7.0 miles, roundtrip","2,000 feet","6,800 feet",4 out of 5 stars,"Maple Pass Loop — September 2, 2025",CascadeWanderer,"Nice hike but definitely late season snow conditions. The first mile is totally dry, but after the first switchback set you start hitting snow. We had microspikes and it was fine, but I'd call these 'moderate winter conditions' overall.",modest_conditions
Lake Ann,https://www.wta.org/go-hiking/hikes/lake-ann,North Cascades > Mt. Baker Area,"8.0 miles, roundtrip","1,800 feet","4,900 feet",2 out of 5 stars,"Lake Ann — August 18, 2025",WildflowerWatcher,"Not hikeable right now. Road is impassable due to a rockslide. Even with clear roads, the trail is completely under snow from bottom to top. We could see from a distance — no exposed trail anywhere. Wait for late summer.",not_hikeable
Lake Ann,https://www.wta.org/go-hiking/hikes/lake-ann,North Cascades > Mt. Baker Area,"8.0 miles, roundtrip","1,800 feet","4,900 feet",1 out of 5 stars,"Lake Ann — March 24, 2024",WildflowerWatcher,Not hikeable in current conditions. The upper trail is an avalanche zone right now — we could see recent avalanche debris on the hillside across the valley. Road is open but please don't attempt this trail.,not_hikeable
Mount Pilchuck,https://www.wta.org/go-hiking/hikes/mount-pilchuck,Mountain Loop Highway > Granite Falls,"5.4 miles, roundtrip","2,200 feet","5,324 feet",4 out of 5 stars,"Mount Pilchuck — February 3, 2025",TrailBlazerPNW,The trail is fully accessible and snow-free. The creek crossing at mile 1.5 is easily fordable with dry boots. Wildflowers in the meadow section were incredible. We'll definitely be back.,hikeable
Lake Ann,https://www.wta.org/go-hiking/hikes/lake-ann,North Cascades > Mt. Baker Area,"8.0 miles, roundtrip","1,800 feet","4,900 feet",5 out of 5 stars,"Lake Ann — December 14, 2025",TrailConditionsTed,"No issues to report! Trail is dry and clear all the way through. Encountered a few runners which is a bit frustrating on a narrow trail but overall a great experience. No snow, no road closures.",hikeable
Maple Pass Loop,https://www.wta.org/go-hiking/hikes/maple-pass-loop,North Cascades > Methow Valley,"7.0 miles, roundtrip","2,000 feet","6,800 feet",4 out of 5 stars,"Maple Pass Loop — January 15, 2026",NorthCascadesNick,"Hiked this today with my family including two young kids. Trail was in perfect condition — dry, well-signed, and clear. We saw a black bear near the upper switchbacks but it ran off immediately. No hazards to report.",hikeable
Ptarmigan Ridge,https://www.wta.org/go-hiking/hikes/ptarmigan-ridge,Mt. Baker Area > Glacier,"8.8 miles, roundtrip","2,200 feet","6,500 feet",4 out of 5 stars,"Ptarmigan Ridge — June 14, 2025",LakesAndPeaks,"The lower trail is completely clear. Snow starts appearing around 4,000 feet elevation. A few icy patches on shaded north-facing slopes but nothing serious. Trekking poles and microspikes recommended for the upper section.",modest_conditions
Mailbox Peak,https://www.wta.org/go-hiking/hikes/mailbox-peak-new-trail,Snoqualmie Region > North Bend Area,"9.4 miles, roundtrip","4,000 feet","4,831 feet",5 out of 5 stars,"Mailbox Peak — June 10, 2024",BackcountryBridget,"I was nervous about conditions given recent weather but the trail was perfect. Completely clear, great traction even without poles. The logging road to the TH has some potholes but is passable in a regular car.",hikeable
Heliotrope Ridge,https://www.wta.org/go-hiking/hikes/heliotrope-ridge,Mt. Baker Area > Glacier,"6.0 miles, roundtrip","2,000 feet","6,100 feet",4 out of 5 stars,"Heliotrope Ridge — April 24, 2024",TrailBlazerPNW,"Hiked with my dog off-leash in a few spots — other hikers were friendly and the trail was empty enough to enjoy. Completely snow-free, nice and dry. Would definitely come back next weekend.",hikeable
Annette Lake,https://www.wta.org/go-hiking/hikes/annette-lake,Snoqualmie Region > Snoqualmie Pass,"7.5 miles, roundtrip","1,300 feet","3,600 feet",3 out of 5 stars,"Annette Lake — August 30, 2024",RainierRoamer,Road is open but the last 0.5 mile to TH was icy this morning. Trail itself alternates between clear and snowy sections. Above the lake everything was under a thin crust. Bring traction devices.,modest_conditions
Annette Lake,https://www.wta.org/go-hiking/hikes/annette-lake,Snoqualmie Region > Snoqualmie Pass,"7.5 miles, roundtrip","1,300 feet","3,600 feet",5 out of 5 stars,"Annette Lake — March 3, 2024",SnoqualmieSusan,Just returned. Trail conditions: excellent. Zero snow. A few muddy sections after last week's rain but nothing requiring special footwear. The wildflowers were absolutely popping near the ridgeline.,hikeable
Lake Ann,https://www.wta.org/go-hiking/hikes/lake-ann,North Cascades > Mt. Baker Area,"8.0 miles, roundtrip","1,800 feet","4,900 feet",5 out of 5 stars,"Lake Ann — December 5, 2025",PNWPeakBagger,"The trail is in the best shape I've seen in years. Completely dry, well-maintained, no blowdowns. Parking area was busy but we found a spot quickly. The views of the Cascades were crystal clear from the top.",hikeable
Heliotrope Ridge,https://www.wta.org/go-hiking/hikes/heliotrope-ridge,Mt. Baker Area > Glacier,"6.0 miles, roundtrip","2,000 feet","6,100 feet",4 out of 5 stars,"Heliotrope Ridge — October 6, 2024",PugetSoundTrails,Decent conditions with some caveats. Bottom third of the trail is snow-free. Middle third has some patches and requires careful footing. Top third is covered but packed down from other hikers. Microspikes helpful.,modest_conditions
Chain Lakes Loop,https://www.wta.org/go-hiking/hikes/chain-lakes-loop,Mt. Baker Area > Glacier,"6.5 miles, roundtrip","1,900 feet","5,400 feet",4 out of 5 stars,"Chain Lakes Loop — November 19, 2025",PugetSoundTrails,"Conditions are 'mostly hikeable' with the right gear. Trail is clear from TH to the creek. After the creek there are intermittent snow patches, becoming continuous above 4,500 feet. Go prepared with traction devices.",modest_conditions
Heliotrope Ridge,https://www.wta.org/go-hiking/hikes/heliotrope-ridge,Mt. Baker Area > Glacier,"6.0 miles, roundtrip","2,000 feet","6,100 feet",5 out of 5 stars,"Heliotrope Ridge — February 14, 2025",FernGullyHiker,Logged trail conditions as of this morning: snow-free from TH to summit. The trail is dry and well-packed. Trekking poles are helpful on the descent but not required. One log across the trail at mile 2 — easily stepped over.,hikeable
Twin Falls,https://www.wta.org/go-hiking/hikes/twin-falls,Snoqualmie Region > North Bend Area,"2.6 miles, roundtrip",500 feet,600 feet,5 out of 5 stars,"Twin Falls — March 22, 2024",ClearCreekHiker,"Hiked this today with my family including two young kids. Trail was in perfect condition — dry, well-signed, and clear. We saw a black bear near the upper switchbacks but it ran off immediately. No hazards to report.",hikeable
Twin Falls,https://www.wta.org/go-hiking/hikes/twin-falls,Snoqualmie Region > North Bend Area,"2.6 miles, roundtrip",500 feet,600 feet,5 out of 5 stars,"Twin Falls — March 8, 2025",WildflowerWatcher,Just got back from a wonderful day out here. Trail is completely clear of snow. Wildflowers are starting to come up near the upper meadows. Bring plenty of water as there are limited reliable sources right now.,hikeable
Ingalls Lake,https://www.wta.org/go-hiking/hikes/lake-ingalls,Central Cascades > Leavenworth,"9.0 miles, roundtrip","2,700 feet","6,500 feet",5 out of 5 stars,"Ingalls Lake — January 22, 2025",CascadeWanderer,"Hiked with my dog off-leash in a few spots — other hikers were friendly and the trail was empty enough to enjoy. Completely snow-free, nice and dry. Would definitely come back next weekend.",hikeable
Mount Pilchuck,https://www.wta.org/go-hiking/hikes/mount-pilchuck,Mountain Loop Highway > Granite Falls,"5.4 miles, roundtrip","2,200 feet","5,324 feet",5 out of 5 stars,"Mount Pilchuck — January 16, 2026",WeekendWarriorWendy,"Hiked this today with my family including two young kids. Trail was in perfect condition — dry, well-signed, and clear. We saw a black bear near the upper switchbacks but it ran off immediately. No hazards to report.",hikeable
Sahale Arm,https://www.wta.org/go-hiking/hikes/sahale-arm,North Cascades > Cascade Pass,"12.0 miles, roundtrip","3,900 feet","7,600 feet",4 out of 5 stars,"Sahale Arm — February 10, 2026",ClearCreekHiker,Trail is passable but not summer conditions. There's 1-2 feet of snow from the upper meadows to the top. Microspikes essential. The lower forest section is completely clear and pleasant. A gorgeous but demanding hike right now.,modest_conditions
Goat Lake,https://www.wta.org/go-hiking/hikes/goat-lake,Mountain Loop Highway > Darrington,"10.4 miles, roundtrip","1,300 feet","3,160 feet",5 out of 5 stars,"Goat Lake — May 22, 2024",PugetSoundTrails,"Hiked this today with my family including two young kids. Trail was in perfect condition — dry, well-signed, and clear. We saw a black bear near the upper switchbacks but it ran off immediately. No hazards to report.",hikeable
Chain Lakes Loop,https://www.wta.org/go-hiking/hikes/chain-lakes-loop,Mt. Baker Area > Glacier,"6.5 miles, roundtrip","1,900 feet","5,400 feet",2 out of 5 stars,"Chain Lakes Loop — March 2, 2026",LakesAndPeaks,Completely impassable. The entire route was under 3-4 feet of snow from mile 0.5 onward. No trail visible. We postholed up to our hips. Strong wind and limited visibility at the upper elevations. Turned back for safety.,not_hikeable
Chain Lakes Loop,https://www.wta.org/go-hiking/hikes/chain-lakes-loop,Mt. Baker Area > Glacier,"6.5 miles, roundtrip","1,900 feet","5,400 feet",5 out of 5 stars,"Chain Lakes Loop — March 11, 2024",HikingWithHuskies,Road to TH is open and in good condition. Trail is snow-free all the way. Some light mud near the stream crossings. We did the full loop and encountered maybe 8-10 other groups. A gem of a hike!,hikeable
Lake Ann,https://www.wta.org/go-hiking/hikes/lake-ann,North Cascades > Mt. Baker Area,"8.0 miles, roundtrip","1,800 feet","4,900 feet",,"Lake Ann — February 25, 2024",MossyBoots42,Total closure. The county has closed the forest service road due to flooding and rockfall. Even if you could get to the TH the trail is completely under snow. Multiple party turned back when we were there.,not_hikeable
Wallace Falls,https://www.wta.org/go-hiking/hikes/wallace-falls,Central Cascades > Index,"5.6 miles, roundtrip","1,300 feet","1,600 feet",3 out of 5 stars,"Wallace Falls — December 28, 2024",CascadeWanderer,Trail is passable but not summer conditions. There's 1-2 feet of snow from the upper meadows to the top. Microspikes essential. The lower forest section is completely clear and pleasant. A gorgeous but demanding hike right now.,modest_conditions
Lake Ann,https://www.wta.org/go-hiking/hikes/lake-ann,North Cascades > Mt. Baker Area,"8.0 miles, roundtrip","1,800 feet","4,900 feet",5 out of 5 stars,"Lake Ann — January 12, 2024",SnoqualmieSusan,"Hiked this today with my family including two young kids. Trail was in perfect condition — dry, well-signed, and clear. We saw a black bear near the upper switchbacks but it ran off immediately. No hazards to report.",hikeable
Lake Ann,https://www.wta.org/go-hiking/hikes/lake-ann,North Cascades > Mt. Baker Area,"8.0 miles, roundtrip","1,800 feet","4,900 feet",3 out of 5 stars,"Lake Ann — September 15, 2024",TrailConditionsTed,Decent conditions with some caveats. Bottom third of the trail is snow-free. Middle third has some patches and requires careful footing. Top third is covered but packed down from other hikers. Microspikes helpful.,modest_conditions
Twin Falls,https://www.wta.org/go-hiking/hikes/twin-falls,Snoqualmie Region > North Bend Area,"2.6 miles, roundtrip",500 feet,600 feet,2 out of 5 stars,"Twin Falls — January 24, 2025",BackcountryBridget,Conditions are dangerous and the trail should not be attempted. The access road has a major washout 1.5 miles from TH. The trail itself is buried under avalanche debris from a slide earlier this week. Please stay safe.,not_hikeable
Wallace Falls,https://www.wta.org/go-hiking/hikes/wallace-falls,Central Cascades > Index,"5.6 miles, roundtrip","1,300 feet","1,600 feet",3 out of 5 stars,"Wallace Falls — March 10, 2026",SummitSeeker_WA,"The lower trail is completely clear. Snow starts appearing around 4,000 feet elevation. A few icy patches on shaded north-facing slopes but nothing serious. Trekking poles and microspikes recommended for the upper section.",modest_conditions
Maple Pass Loop,https://www.wta.org/go-hiking/hikes/maple-pass-loop,North Cascades > Methow Valley,"7.0 miles, roundtrip","2,000 feet","6,800 feet",5 out of 5 stars,"Maple Pass Loop — April 5, 2024",TrailBlazerPNW,"The trail is in the best shape I've seen in years. Completely dry, well-maintained, no blowdowns. Parking area was busy but we found a spot quickly. The views of the Cascades were crystal clear from the top.",hikeable
Mount Pilchuck,https://www.wta.org/go-hiking/hikes/mount-pilchuck,Mountain Loop Highway > Granite Falls,"5.4 miles, roundtrip","2,200 feet","5,324 feet",5 out of 5 stars,"Mount Pilchuck — April 9, 2025",SnowpackSam,"Gorgeous hike today with friends. Dry trail from start to finish. No road closures, parking fee station was staffed. We hiked the full route including the off-trail scramble to the viewpoint. No issues at all.",hikeable
Ptarmigan Ridge,https://www.wta.org/go-hiking/hikes/ptarmigan-ridge,Mt. Baker Area > Glacier,"8.8 miles, roundtrip","2,200 feet","6,500 feet",5 out of 5 stars,"Ptarmigan Ridge — October 30, 2024",FernGullyHiker,"Fantastic hike! Clear skies, no snow or ice on the trail. Trail crews have done a great job maintaining the path. A few muddy patches near the creek crossing but nothing that required any special gear. Views at the top were incredible.",hikeable
Lake Ann,https://www.wta.org/go-hiking/hikes/lake-ann,North Cascades > Mt. Baker Area,"8.0 miles, roundtrip","1,800 feet","4,900 feet",2 out of 5 stars,"Lake Ann — March 15, 2025",CascadeCrest2024,Do NOT attempt this hike right now. The upper mountain is buried under 5+ feet of snow. The TH road has a gate closure due to avalanche risk. We had to turn back 200 feet from the TH. Wait for summer conditions.,not_hikeable
Franklin Falls,https://www.wta.org/go-hiking/hikes/franklin-falls,Snoqualmie Region > Snoqualmie Pass,"2.0 miles, roundtrip",400 feet,"2,400 feet",2 out of 5 stars,"Franklin Falls — October 15, 2025",RainierRoamer,Completely impassable. The entire route was under 3-4 feet of snow from mile 0.5 onward. No trail visible. We postholed up to our hips. Strong wind and limited visibility at the upper elevations. Turned back for safety.,not_hikeable
Ingalls Lake,https://www.wta.org/go-hiking/hikes/lake-ingalls,Central Cascades > Leavenworth,"9.0 miles, roundtrip","2,700 feet","6,500 feet",2 out of 5 stars,"Ingalls Lake — November 8, 2025",TrailConditionsTed,Road closure in effect. The gate is locked 4 miles from the TH due to snow and mudslides. Trail is completely buried — we tried snowshoeing in but turned back when it became too dangerous. Not recommended.,not_hikeable
Ingalls Lake,https://www.wta.org/go-hiking/hikes/lake-ingalls,Central Cascades > Leavenworth,"9.0 miles, roundtrip","2,700 feet","6,500 feet",5 out of 5 stars,"Ingalls Lake — January 1, 2024",BackcountryBridget,Just returned. Trail conditions: excellent. Zero snow. A few muddy sections after last week's rain but nothing requiring special footwear. The wildflowers were absolutely popping near the ridgeline.,hikeable
Sahale Arm,https://www.wta.org/go-hiking/hikes/sahale-arm,North Cascades > Cascade Pass,"12.0 miles, roundtrip","3,900 feet","7,600 feet",2 out of 5 stars,"Sahale Arm — March 29, 2024",PugetSoundTrails,Conditions are dangerous and the trail should not be attempted. The access road has a major washout 1.5 miles from TH. The trail itself is buried under avalanche debris from a slide earlier this week. Please stay safe.,not_hikeable
Ptarmigan Ridge,https://www.wta.org/go-hiking/hikes/ptarmigan-ridge,Mt. Baker Area > Glacier,"8.8 miles, roundtrip","2,200 feet","6,500 feet",5 out of 5 stars,"Ptarmigan Ridge — December 29, 2024",GlacierPeakPatrol,"Did this hike on a clear sunny weekday. Trail was dry and in excellent condition, no snow whatsoever. Met a trail crew doing some maintenance near mile 3 — give them a wave! Spectacular scenery all the way.",hikeable
Sahale Arm,https://www.wta.org/go-hiking/hikes/sahale-arm,North Cascades > Cascade Pass,"12.0 miles, roundtrip","3,900 feet","7,600 feet",5 out of 5 stars,"Sahale Arm — July 28, 2024",SnowpackSam,Just returned. Trail conditions: excellent. Zero snow. A few muddy sections after last week's rain but nothing requiring special footwear. The wildflowers were absolutely popping near the ridgeline.,hikeable
Mailbox Peak,https://www.wta.org/go-hiking/hikes/mailbox-peak-new-trail,Snoqualmie Region > North Bend Area,"9.4 miles, roundtrip","4,000 feet","4,831 feet",4 out of 5 stars,"Mailbox Peak — October 2, 2025",CascadeWanderer,"I was nervous about conditions given recent weather but the trail was perfect. Completely clear, great traction even without poles. The logging road to the TH has some potholes but is passable in a regular car.",hikeable
Wallace Falls,https://www.wta.org/go-hiking/hikes/wallace-falls,Central Cascades > Index,"5.6 miles, roundtrip","1,300 feet","1,600 feet",2 out of 5 stars,"Wallace Falls — May 17, 2025",LakesAndPeaks,Trail is completely snowed out. We turned back at mile 1 — snow was waist-deep with no visible trail. Conditions are impassable without snowshoes and navigation skills. Road to TH is also icy — use caution or stay home.,not_hikeable
Sahale Arm,https://www.wta.org/go-hiking/hikes/sahale-arm,North Cascades > Cascade Pass,"12.0 miles, roundtrip","3,900 feet","7,600 feet",2 out of 5 stars,"Sahale Arm — April 9, 2025",LakesAndPeaks,Total closure. The county has closed the forest service road due to flooding and rockfall. Even if you could get to the TH the trail is completely under snow. Multiple party turned back when we were there.,not_hikeable
Goat Lake,https://www.wta.org/go-hiking/hikes/goat-lake,Mountain Loop Highway > Darrington,"10.4 miles, roundtrip","1,300 feet","3,160 feet",3 out of 5 stars,"Goat Lake — November 6, 2025",TrailBlazerPNW,Some lingering snow on the upper sections. Most of the lower trail is ice-free. There's one tricky icy traverse near the summit block — caution advised without microspikes. Otherwise perfectly enjoyable.,modest_conditions
Goat Lake,https://www.wta.org/go-hiking/hikes/goat-lake,Mountain Loop Highway > Darrington,"10.4 miles, roundtrip","1,300 feet","3,160 feet",5 out of 5 stars,"Goat Lake — March 29, 2025",SummitSeeker_WA,"Hiked this today with my family including two young kids. Trail was in perfect condition — dry, well-signed, and clear. We saw a black bear near the upper switchbacks but it ran off immediately. No hazards to report.",hikeable
Franklin Falls,https://www.wta.org/go-hiking/hikes/franklin-falls,Snoqualmie Region > Snoqualmie Pass,"2.0 miles, roundtrip",400 feet,"2,400 feet",3 out of 5 stars,"Franklin Falls — April 23, 2025",AlpineAdventurer,Trail has some patchy snow starting around mile 2.5 near the ridgeline. Lower portions are clear and dry. Microspikes helpful but not required if you're careful. Beautiful conditions overall with just a hint of winter lingering.,modest_conditions
Twin Falls,https://www.wta.org/go-hiking/hikes/twin-falls,Snoqualmie Region > North Bend Area,"2.6 miles, roundtrip",500 feet,600 feet,3 out of 5 stars,"Twin Falls — May 11, 2025",BackcountryBridget,"Conditions are 'mostly hikeable' with the right gear. Trail is clear from TH to the creek. After the creek there are intermittent snow patches, becoming continuous above 4,500 feet. Go prepared with traction devices.",modest_conditions
Mailbox Peak,https://www.wta.org/go-hiking/hikes/mailbox-peak-new-trail,Snoqualmie Region > North Bend Area,"9.4 miles, roundtrip","4,000 feet","4,831 feet",3 out of 5 stars,"Mailbox Peak — January 26, 2024",TrailConditionsTed,The road is open all the way to the TH. First two miles are clear. Snow starts around mile 2 and gets deeper toward the summit (18-24 inches by the top). Postholing without microspikes. Conditions manageable with proper gear.,modest_conditions
Ingalls Lake,https://www.wta.org/go-hiking/hikes/lake-ingalls,Central Cascades > Leavenworth,"9.0 miles, roundtrip","2,700 feet","6,500 feet",5 out of 5 stars,"Ingalls Lake — October 12, 2024",PugetSoundTrails,"No issues to report! Trail is dry and clear all the way through. Encountered a few runners which is a bit frustrating on a narrow trail but overall a great experience. No snow, no road closures.",hikeable
Franklin Falls,https://www.wta.org/go-hiking/hikes/franklin-falls,Snoqualmie Region > Snoqualmie Pass,"2.0 miles, roundtrip",400 feet,"2,400 feet",5 out of 5 stars,"Franklin Falls — February 16, 2024",SummitSeeker_WA,"The trail is in the best shape I've seen in years. Completely dry, well-maintained, no blowdowns. Parking area was busy but we found a spot quickly. The views of the Cascades were crystal clear from the top.",hikeable
Lake Ann,https://www.wta.org/go-hiking/hikes/lake-ann,North Cascades > Mt. Baker Area,"8.0 miles, roundtrip","1,800 feet","4,900 feet",2 out of 5 stars,"Lake Ann — December 19, 2025",OlympicPenHiker,Trail is completely snowed out. We turned back at mile 1 — snow was waist-deep with no visible trail. Conditions are impassable without snowshoes and navigation skills. Road to TH is also icy — use caution or stay home.,not_hikeable
Mount Pilchuck,https://www.wta.org/go-hiking/hikes/mount-pilchuck,Mountain Loop Highway > Granite Falls,"5.4 miles, roundtrip","2,200 feet","5,324 feet",3 out of 5 stars,"Mount Pilchuck — August 12, 2025",PNWPeakBagger,Some lingering snow on the upper sections. Most of the lower trail is ice-free. There's one tricky icy traverse near the summit block — caution advised without microspikes. Otherwise perfectly enjoyable.,modest_conditions
Wallace Falls,https://www.wta.org/go-hiking/hikes/wallace-falls,Central Cascades > Index,"5.6 miles, roundtrip","1,300 feet","1,600 feet",5 out of 5 stars,"Wallace Falls — January 26, 2024",CascadeWanderer,"Did this hike on a clear sunny weekday. Trail was dry and in excellent condition, no snow whatsoever. Met a trail crew doing some maintenance near mile 3 — give them a wave! Spectacular scenery all the way.",hikeable
Franklin Falls,https://www.wta.org/go-hiking/hikes/franklin-falls,Snoqualmie Region > Snoqualmie Pass,"2.0 miles, roundtrip",400 feet,"2,400 feet",4 out of 5 stars,"Franklin Falls — March 6, 2024",FernGullyHiker,Trail is passable but not summer conditions. There's 1-2 feet of snow from the upper meadows to the top. Microspikes essential. The lower forest section is completely clear and pleasant. A gorgeous but demanding hike right now.,modest_conditions
Ptarmigan Ridge,https://www.wta.org/go-hiking/hikes/ptarmigan-ridge,Mt. Baker Area > Glacier,"8.8 miles, roundtrip","2,200 feet","6,500 feet",2 out of 5 stars,"Ptarmigan Ridge — July 30, 2025",RainierRoamer,Road closure in effect. The gate is locked 4 miles from the TH due to snow and mudslides. Trail is completely buried — we tried snowshoeing in but turned back when it became too dangerous. Not recommended.,not_hikeable
Mount Pilchuck,https://www.wta.org/go-hiking/hikes/mount-pilchuck,Mountain Loop Highway > Granite Falls,"5.4 miles, roundtrip","2,200 feet","5,324 feet",4 out of 5 stars,"Mount Pilchuck — September 2, 2025",NorthCascadesNick,"I was nervous about conditions given recent weather but the trail was perfect. Completely clear, great traction even without poles. The logging road to the TH has some potholes but is passable in a regular car.",hikeable
Annette Lake,https://www.wta.org/go-hiking/hikes/annette-lake,Snoqualmie Region > Snoqualmie Pass,"7.5 miles, roundtrip","1,300 feet","3,600 feet",,"Annette Lake — February 4, 2026",OlympicPenHiker,Completely impassable. The entire route was under 3-4 feet of snow from mile 0.5 onward. No trail visible. We postholed up to our hips. Strong wind and limited visibility at the upper elevations. Turned back for safety.,not_hikeable
Lake Ann,https://www.wta.org/go-hiking/hikes/lake-ann,North Cascades > Mt. Baker Area,"8.0 miles, roundtrip","1,800 feet","4,900 feet",,"Lake Ann — May 3, 2024",PugetSoundTrails,Conditions are dangerous. The trail above mile 2 is buried under 6 feet of wind-packed snow. The TH access road had downed trees blocking it — we had to turn around before even starting the hike.,not_hikeable
Lake Ann,https://www.wta.org/go-hiking/hikes/lake-ann,North Cascades > Mt. Baker Area,"8.0 miles, roundtrip","1,800 feet","4,900 feet",3 out of 5 stars,"Lake Ann — September 11, 2025",ClearCreekHiker,The road is open all the way to the TH. First two miles are clear. Snow starts around mile 2 and gets deeper toward the summit (18-24 inches by the top). Postholing without microspikes. Conditions manageable with proper gear.,modest_conditions
Chain Lakes Loop,https://www.wta.org/go-hiking/hikes/chain-lakes-loop,Mt. Baker Area > Glacier,"6.5 miles, roundtrip","1,900 feet","5,400 feet",5 out of 5 stars,"Chain Lakes Loop — August 3, 2025",FernGullyHiker,Just returned. Trail conditions: excellent. Zero snow. A few muddy sections after last week's rain but nothing requiring special footwear. The wildflowers were absolutely popping near the ridgeline.,hikeable
Twin Falls,https://www.wta.org/go-hiking/hikes/twin-falls,Snoqualmie Region > North Bend Area,"2.6 miles, roundtrip",500 feet,600 feet,3 out of 5 stars,"Twin Falls — May 30, 2024",FernGullyHiker,"The lower trail is completely clear. Snow starts appearing around 4,000 feet elevation. A few icy patches on shaded north-facing slopes but nothing serious. Trekking poles and microspikes recommended for the upper section.",modest_conditions
Chain Lakes Loop,https://www.wta.org/go-hiking/hikes/chain-lakes-loop,Mt. Baker Area > Glacier,"6.5 miles, roundtrip","1,900 feet","5,400 feet",4 out of 5 stars,"Chain Lakes Loop — April 9, 2024",NorthCascadesNick,"Gorgeous hike today with friends. Dry trail from start to finish. No road closures, parking fee station was staffed. We hiked the full route including the off-trail scramble to the viewpoint. No issues at all.",hikeable
Mailbox Peak,https://www.wta.org/go-hiking/hikes/mailbox-peak-new-trail,Snoqualmie Region > North Bend Area,"9.4 miles, roundtrip","4,000 feet","4,831 feet",3 out of 5 stars,"Mailbox Peak — August 29, 2025",NorthCascadesNick,Trail has some patchy snow starting around mile 2.5 near the ridgeline. Lower portions are clear and dry. Microspikes helpful but not required if you're careful. Beautiful conditions overall with just a hint of winter lingering.,modest_conditions
Franklin Falls,https://www.wta.org/go-hiking/hikes/franklin-falls,Snoqualmie Region > Snoqualmie Pass,"2.0 miles, roundtrip",400 feet,"2,400 feet",3 out of 5 stars,"Franklin Falls — March 22, 2025",MtBakerFan,"Hiked this yesterday. Conditions were mixed — lower trail is perfect, but there's a continuous snow band from about the junction to the summit. Maybe 6-8 inches. Microspikes were needed. Road was open.",modest_conditions
Mount Pilchuck,https://www.wta.org/go-hiking/hikes/mount-pilchuck,Mountain Loop Highway > Granite Falls,"5.4 miles, roundtrip","2,200 feet","5,324 feet",,"Mount Pilchuck — December 6, 2025",WeekendWarriorWendy,"Not hikeable right now. Road is impassable due to a rockslide. Even with clear roads, the trail is completely under snow from bottom to top. We could see from a distance — no exposed trail anywhere. Wait for late summer.",not_hikeable
Mount Si,https://www.wta.org/go-hiking/hikes/mount-si,Snoqualmie Region > North Bend Area,"8.0 miles, roundtrip","3,150 feet","3,900 feet",2 out of 5 stars,"Mount Si — August 10, 2025",TrailBlazerPNW,"Not hikeable right now. Road is impassable due to a rockslide. Even with clear roads, the trail is completely under snow from bottom to top. We could see from a distance — no exposed trail anywhere. Wait for late summer.",not_hikeable
Sahale Arm,https://www.wta.org/go-hiking/hikes/sahale-arm,North Cascades > Cascade Pass,"12.0 miles, roundtrip","3,900 feet","7,600 feet",3 out of 5 stars,"Sahale Arm — March 12, 2024",TrailConditionsTed,The road is open all the way to the TH. First two miles are clear. Snow starts around mile 2 and gets deeper toward the summit (18-24 inches by the top). Postholing without microspikes. Conditions manageable with proper gear.,modest_conditions
Twin Falls,https://www.wta.org/go-hiking/hikes/twin-falls,Snoqualmie Region > North Bend Area,"2.6 miles, roundtrip",500 feet,600 feet,4 out of 5 stars,"Twin Falls — October 14, 2025",RainierRoamer,Road is open but the last 0.5 mile to TH was icy this morning. Trail itself alternates between clear and snowy sections. Above the lake everything was under a thin crust. Bring traction devices.,modest_conditions
Lake Ann,https://www.wta.org/go-hiking/hikes/lake-ann,North Cascades > Mt. Baker Area,"8.0 miles, roundtrip","1,800 feet","4,900 feet",4 out of 5 stars,"Lake Ann — September 13, 2025",BackcountryBridget,Perfect early season hike! No snow anywhere. Road is open with no closures. The high meadows are coming alive with early blooms. We lingered at the lake for lunch and saw osprey hunting. 10/10 recommend.,hikeable
Sahale Arm,https://www.wta.org/go-hiking/hikes/sahale-arm,North Cascades > Cascade Pass,"12.0 miles, roundtrip","3,900 feet","7,600 feet",5 out of 5 stars,"Sahale Arm — May 21, 2024",PugetSoundTrails,"No issues to report! Trail is dry and clear all the way through. Encountered a few runners which is a bit frustrating on a narrow trail but overall a great experience. No snow, no road closures.",hikeable
Goat Lake,https://www.wta.org/go-hiking/hikes/goat-lake,Mountain Loop Highway > Darrington,"10.4 miles, roundtrip","1,300 feet","3,160 feet",2 out of 5 stars,"Goat Lake — January 26, 2026",FernGullyHiker,Full snowpack from TH onwards. This trail is NOT currently hikeable without mountaineering gear. The approach was post-hole hell. We gave up at the first major viewpoint and descended safely. Check back in July.,not_hikeable
Franklin Falls,https://www.wta.org/go-hiking/hikes/franklin-falls,Snoqualmie Region > Snoqualmie Pass,"2.0 miles, roundtrip",400 feet,"2,400 feet",3 out of 5 stars,"Franklin Falls — July 18, 2025",WeekendWarriorWendy,Trail is passable but not summer conditions. There's 1-2 feet of snow from the upper meadows to the top. Microspikes essential. The lower forest section is completely clear and pleasant. A gorgeous but demanding hike right now.,modest_conditions
Franklin Falls,https://www.wta.org/go-hiking/hikes/franklin-falls,Snoqualmie Region > Snoqualmie Pass,"2.0 miles, roundtrip",400 feet,"2,400 feet",3 out of 5 stars,"Franklin Falls — January 2, 2024",TrailConditionsTed,Snow begins just past the main viewpoint. Lower sections are clear and pleasant. Some sections of icy trail on the shaded side of the ridge. We managed fine with poles and microspikes. Fewer people than usual.,modest_conditions
Mailbox Peak,https://www.wta.org/go-hiking/hikes/mailbox-peak-new-trail,Snoqualmie Region > North Bend Area,"9.4 miles, roundtrip","4,000 feet","4,831 feet",3 out of 5 stars,"Mailbox Peak — January 1, 2025",MossyBoots42,"Conditions are 'mostly hikeable' with the right gear. Trail is clear from TH to the creek. After the creek there are intermittent snow patches, becoming continuous above 4,500 feet. Go prepared with traction devices.",modest_conditions
Goat Lake,https://www.wta.org/go-hiking/hikes/goat-lake,Mountain Loop Highway > Darrington,"10.4 miles, roundtrip","1,300 feet","3,160 feet",,"Goat Lake — August 6, 2025",WeekendWarriorWendy,DO NOT GO. Fresh snowfall (3+ feet) in the last 48 hours has made this trail completely unnavigable. We couldn't find the trail at all past the parking area. One member of our group postholed to mid-thigh. Turn back.,not_hikeable
Ingalls Lake,https://www.wta.org/go-hiking/hikes/lake-ingalls,Central Cascades > Leavenworth,"9.0 miles, roundtrip","2,700 feet","6,500 feet",2 out of 5 stars,"Ingalls Lake — December 18, 2024",BackcountryBridget,"The TH road is closed by Forest Service order due to snow. Even on foot the access is sketchy — icy road, downed trees, and active snowmelt. The trail itself is under several feet of snow. Postpone your trip.",not_hikeable
Mount Si,https://www.wta.org/go-hiking/hikes/mount-si,Snoqualmie Region > North Bend Area,"8.0 miles, roundtrip","3,150 feet","3,900 feet",3 out of 5 stars,"Mount Si — April 1, 2025",SnoqualmieSusan,Decent conditions with some caveats. Bottom third of the trail is snow-free. Middle third has some patches and requires careful footing. Top third is covered but packed down from other hikers. Microspikes helpful.,modest_conditions
Lake Ann,https://www.wta.org/go-hiking/hikes/lake-ann,North Cascades > Mt. Baker Area,"8.0 miles, roundtrip","1,800 feet","4,900 feet",4 out of 5 stars,"Lake Ann — August 3, 2024",ClearCreekHiker,The road is open all the way to the TH. First two miles are clear. Snow starts around mile 2 and gets deeper toward the summit (18-24 inches by the top). Postholing without microspikes. Conditions manageable with proper gear.,modest_conditions
Wallace Falls,https://www.wta.org/go-hiking/hikes/wallace-falls,Central Cascades > Index,"5.6 miles, roundtrip","1,300 feet","1,600 feet",3 out of 5 stars,"Wallace Falls — July 31, 2025",CascadeWanderer,Road to TH had some ice this morning but nothing that required chains. Trail is clear for the first 2 miles then snow picks up. Microspikes were helpful on the steeper portions. Plan for extra time if hiking in snow.,modest_conditions
Annette Lake,https://www.wta.org/go-hiking/hikes/annette-lake,Snoqualmie Region > Snoqualmie Pass,"7.5 miles, roundtrip","1,300 feet","3,600 feet",5 out of 5 stars,"Annette Lake — January 8, 2024",PugetSoundTrails,"Fantastic hike! Clear skies, no snow or ice on the trail. Trail crews have done a great job maintaining the path. A few muddy patches near the creek crossing but nothing that required any special gear. Views at the top were incredible.",hikeable
Goat Lake,https://www.wta.org/go-hiking/hikes/goat-lake,Mountain Loop Highway > Darrington,"10.4 miles, roundtrip","1,300 feet","3,160 feet",5 out of 5 stars,"Goat Lake — February 9, 2025",SnowpackSam,"Hiked with my dog off-leash in a few spots — other hikers were friendly and the trail was empty enough to enjoy. Completely snow-free, nice and dry. Would definitely come back next weekend.",hikeable
Ingalls Lake,https://www.wta.org/go-hiking/hikes/lake-ingalls,Central Cascades > Leavenworth,"9.0 miles, roundtrip","2,700 feet","6,500 feet",3 out of 5 stars,"Ingalls Lake — March 23, 2026",HikingWithHuskies,Road is open but the last 0.5 mile to TH was icy this morning. Trail itself alternates between clear and snowy sections. Above the lake everything was under a thin crust. Bring traction devices.,modest_conditions
Sahale Arm,https://www.wta.org/go-hiking/hikes/sahale-arm,North Cascades > Cascade Pass,"12.0 miles, roundtrip","3,900 feet","7,600 feet",4 out of 5 stars,"Sahale Arm — April 22, 2025",SnoqualmieSusan,"The lower trail is completely clear. Snow starts appearing around 4,000 feet elevation. A few icy patches on shaded north-facing slopes but nothing serious. Trekking poles and microspikes recommended for the upper section.",modest_conditions
Mailbox Peak,https://www.wta.org/go-hiking/hikes/mailbox-peak-new-trail,Snoqualmie Region > North Bend Area,"9.4 miles, roundtrip","4,000 feet","4,831 feet",4 out of 5 stars,"Mailbox Peak — March 8, 2026",CascadeWanderer,"Conditions are 'mostly hikeable' with the right gear. Trail is clear from TH to the creek. After the creek there are intermittent snow patches, becoming continuous above 4,500 feet. Go prepared with traction devices.",modest_conditions
Heliotrope Ridge,https://www.wta.org/go-hiking/hikes/heliotrope-ridge,Mt. Baker Area > Glacier,"6.0 miles, roundtrip","2,000 feet","6,100 feet",5 out of 5 stars,"Heliotrope Ridge — April 7, 2025",BackcountryBridget,"The trail is in the best shape I've seen in years. Completely dry, well-maintained, no blowdowns. Parking area was busy but we found a spot quickly. The views of the Cascades were crystal clear from the top.",hikeable
Goat Lake,https://www.wta.org/go-hiking/hikes/goat-lake,Mountain Loop Highway > Darrington,"10.4 miles, roundtrip","1,300 feet","3,160 feet",2 out of 5 stars,"Goat Lake — July 25, 2025",CascadeWanderer,Not hikeable in current conditions. The upper trail is an avalanche zone right now — we could see recent avalanche debris on the hillside across the valley. Road is open but please don't attempt this trail.,not_hikeable
Chain Lakes Loop,https://www.wta.org/go-hiking/hikes/chain-lakes-loop,Mt. Baker Area > Glacier,"6.5 miles, roundtrip","1,900 feet","5,400 feet",2 out of 5 stars,"Chain Lakes Loop — August 14, 2024",ClearCreekHiker,Not hikeable in current conditions. The upper trail is an avalanche zone right now — we could see recent avalanche debris on the hillside across the valley. Road is open but please don't attempt this trail.,not_hikeable
Annette Lake,https://www.wta.org/go-hiking/hikes/annette-lake,Snoqualmie Region > Snoqualmie Pass,"7.5 miles, roundtrip","1,300 feet","3,600 feet",5 out of 5 stars,"Annette Lake — February 10, 2024",OlympicPenHiker,Just got back from a wonderful day out here. Trail is completely clear of snow. Wildflowers are starting to come up near the upper meadows. Bring plenty of water as there are limited reliable sources right now.,hikeable
Franklin Falls,https://www.wta.org/go-hiking/hikes/franklin-falls,Snoqualmie Region > Snoqualmie Pass,"2.0 miles, roundtrip",400 feet,"2,400 feet",5 out of 5 stars,"Franklin Falls — December 19, 2025",PNWPeakBagger,Wonderful hiking today. Trail opens up at the top with stunning 360 degree views and absolutely no snow in sight. Recommend starting early to beat the afternoon heat. Trail is well-maintained and signed.,hikeable
Franklin Falls,https://www.wta.org/go-hiking/hikes/franklin-falls,Snoqualmie Region > Snoqualmie Pass,"2.0 miles, roundtrip",400 feet,"2,400 feet",2 out of 5 stars,"Franklin Falls — February 24, 2026",SnowpackSam,Heavy recent snowfall has completely covered the trail. We couldn't find the route above the TH. No other footprints. The road had a closure sign posted 3 miles before the TH. Save yourself the frustration and wait.,not_hikeable
Twin Falls,https://www.wta.org/go-hiking/hikes/twin-falls,Snoqualmie Region > North Bend Area,"2.6 miles, roundtrip",500 feet,600 feet,3 out of 5 stars,"Twin Falls — September 10, 2024",TrailBlazerPNW,Trail has some patchy snow starting around mile 2.5 near the ridgeline. Lower portions are clear and dry. Microspikes helpful but not required if you're careful. Beautiful conditions overall with just a hint of winter lingering.,modest_conditions
Mailbox Peak,https://www.wta.org/go-hiking/hikes/mailbox-peak-new-trail,Snoqualmie Region > North Bend Area,"9.4 miles, roundtrip","4,000 feet","4,831 feet",4 out of 5 stars,"Mailbox Peak — June 19, 2024",PugetSoundTrails,"No issues to report! Trail is dry and clear all the way through. Encountered a few runners which is a bit frustrating on a narrow trail but overall a great experience. No snow, no road closures.",hikeable
Goat Lake,https://www.wta.org/go-hiking/hikes/goat-lake,Mountain Loop Highway > Darrington,"10.4 miles, roundtrip","1,300 feet","3,160 feet",4 out of 5 stars,"Goat Lake — May 26, 2025",PNWPeakBagger,The trail is fully accessible and snow-free. The creek crossing at mile 1.5 is easily fordable with dry boots. Wildflowers in the meadow section were incredible. We'll definitely be back.,hikeable
Goat Lake,https://www.wta.org/go-hiking/hikes/goat-lake,Mountain Loop Highway > Darrington,"10.4 miles, roundtrip","1,300 feet","3,160 feet",4 out of 5 stars,"Goat Lake — August 26, 2025",WeekendWarriorWendy,Trail is in great shape today! Dry conditions from the TH all the way to the summit. No snow encountered anywhere on the route. Parking lot was about half full when I arrived around 9am. Highly recommend for a weekend outing.,hikeable
Maple Pass Loop,https://www.wta.org/go-hiking/hikes/maple-pass-loop,North Cascades > Methow Valley,"7.0 miles, roundtrip","2,000 feet","6,800 feet",4 out of 5 stars,"Maple Pass Loop — August 21, 2025",MossyBoots42,"I was nervous about conditions given recent weather but the trail was perfect. Completely clear, great traction even without poles. The logging road to the TH has some potholes but is passable in a regular car.",hikeable
Mount Pilchuck,https://www.wta.org/go-hiking/hikes/mount-pilchuck,Mountain Loop Highway > Granite Falls,"5.4 miles, roundtrip","2,200 feet","5,324 feet",1 out of 5 stars,"Mount Pilchuck — July 22, 2024",LakesAndPeaks,Not hikeable in current conditions. The upper trail is an avalanche zone right now — we could see recent avalanche debris on the hillside across the valley. Road is open but please don't attempt this trail.,not_hikeable
Lake Ann,https://www.wta.org/go-hiking/hikes/lake-ann,North Cascades > Mt. Baker Area,"8.0 miles, roundtrip","1,800 feet","4,900 feet",3 out of 5 stars,"Lake Ann — April 4, 2024",MossyBoots42,Trail is passable but not summer conditions. There's 1-2 feet of snow from the upper meadows to the top. Microspikes essential. The lower forest section is completely clear and pleasant. A gorgeous but demanding hike right now.,modest_conditions
Annette Lake,https://www.wta.org/go-hiking/hikes/annette-lake,Snoqualmie Region > Snoqualmie Pass,"7.5 miles, roundtrip","1,300 feet","3,600 feet",4 out of 5 stars,"Annette Lake — November 4, 2024",CascadeCrest2024,Trail has some patchy snow starting around mile 2.5 near the ridgeline. Lower portions are clear and dry. Microspikes helpful but not required if you're careful. Beautiful conditions overall with just a hint of winter lingering.,modest_conditions
Annette Lake,https://www.wta.org/go-hiking/hikes/annette-lake,Snoqualmie Region > Snoqualmie Pass,"7.5 miles, roundtrip","1,300 feet","3,600 feet",5 out of 5 stars,"Annette Lake — February 14, 2024",SnowpackSam,The trail is fully accessible and snow-free. The creek crossing at mile 1.5 is easily fordable with dry boots. Wildflowers in the meadow section were incredible. We'll definitely be back.,hikeable
Mailbox Peak,https://www.wta.org/go-hiking/hikes/mailbox-peak-new-trail,Snoqualmie Region > North Bend Area,"9.4 miles, roundtrip","4,000 feet","4,831 feet",,"Mailbox Peak — August 12, 2025",ClearCreekHiker,DO NOT GO. Fresh snowfall (3+ feet) in the last 48 hours has made this trail completely unnavigable. We couldn't find the trail at all past the parking area. One member of our group postholed to mid-thigh. Turn back.,not_hikeable
Wallace Falls,https://www.wta.org/go-hiking/hikes/wallace-falls,Central Cascades > Index,"5.6 miles, roundtrip","1,300 feet","1,600 feet",5 out of 5 stars,"Wallace Falls — February 25, 2026",MtBakerFan,"The trail is in the best shape I've seen in years. Completely dry, well-maintained, no blowdowns. Parking area was busy but we found a spot quickly. The views of the Cascades were crystal clear from the top.",hikeable
Ptarmigan Ridge,https://www.wta.org/go-hiking/hikes/ptarmigan-ridge,Mt. Baker Area > Glacier,"8.8 miles, roundtrip","2,200 feet","6,500 feet",1 out of 5 stars,"Ptarmigan Ridge — March 17, 2024",SnoqualmieSusan,Trail is completely snowed out. We turned back at mile 1 — snow was waist-deep with no visible trail. Conditions are impassable without snowshoes and navigation skills. Road to TH is also icy — use caution or stay home.,not_hikeable
Heliotrope Ridge,https://www.wta.org/go-hiking/hikes/heliotrope-ridge,Mt. Baker Area > Glacier,"6.0 miles, roundtrip","2,000 feet","6,100 feet",3 out of 5 stars,"Heliotrope Ridge — February 8, 2026",SnowpackSam,Hiked this weekend. Trail is accessible but expect some snow in the upper half. The meadow section had about 6 inches of coverage which was manageable. Route finding was easy since the trail was still visible. Great day out.,modest_conditions
Maple Pass Loop,https://www.wta.org/go-hiking/hikes/maple-pass-loop,North Cascades > Methow Valley,"7.0 miles, roundtrip","2,000 feet","6,800 feet",3 out of 5 stars,"Maple Pass Loop — December 10, 2024",NorthCascadesNick,Some lingering snow on the upper sections. Most of the lower trail is ice-free. There's one tricky icy traverse near the summit block — caution advised without microspikes. Otherwise perfectly enjoyable.,modest_conditions
Lake Ann,https://www.wta.org/go-hiking/hikes/lake-ann,North Cascades > Mt. Baker Area,"8.0 miles, roundtrip","1,800 feet","4,900 feet",3 out of 5 stars,"Lake Ann — March 20, 2024",WeekendWarriorWendy,Mixed conditions depending on elevation. Lower forest trail is mud and roots — clear of snow. As you gain elevation you start hitting snow patches. By the time you reach the exposed ridge it was continuous snow. Microspikes a must.,modest_conditions
Mount Pilchuck,https://www.wta.org/go-hiking/hikes/mount-pilchuck,Mountain Loop Highway > Granite Falls,"5.4 miles, roundtrip","2,200 feet","5,324 feet",5 out of 5 stars,"Mount Pilchuck — August 20, 2025",WildflowerWatcher,"I was nervous about conditions given recent weather but the trail was perfect. Completely clear, great traction even without poles. The logging road to the TH has some potholes but is passable in a regular car.",hikeable
Mount Pilchuck,https://www.wta.org/go-hiking/hikes/mount-pilchuck,Mountain Loop Highway > Granite Falls,"5.4 miles, roundtrip","2,200 feet","5,324 feet",4 out of 5 stars,"Mount Pilchuck — July 13, 2024",CascadeCrest2024,"The lower trail is completely clear. Snow starts appearing around 4,000 feet elevation. A few icy patches on shaded north-facing slopes but nothing serious. Trekking poles and microspikes recommended for the upper section.",modest_conditions
Chain Lakes Loop,https://www.wta.org/go-hiking/hikes/chain-lakes-loop,Mt. Baker Area > Glacier,"6.5 miles, roundtrip","1,900 feet","5,400 feet",1 out of 5 stars,"Chain Lakes Loop — October 30, 2024",FernGullyHiker,We attempted this trail last weekend and had to bail. The trail was completely buried. A large tree had fallen across the access road and the stream crossing was flooded and uncrossable. Unsafe conditions all around.,not_hikeable
Annette Lake,https://www.wta.org/go-hiking/hikes/annette-lake,Snoqualmie Region > Snoqualmie Pass,"7.5 miles, roundtrip","1,300 feet","3,600 feet",5 out of 5 stars,"Annette Lake — June 25, 2025",PNWPeakBagger,"Hiked with my dog off-leash in a few spots — other hikers were friendly and the trail was empty enough to enjoy. Completely snow-free, nice and dry. Would definitely come back next weekend.",hikeable
Sahale Arm,https://www.wta.org/go-hiking/hikes/sahale-arm,North Cascades > Cascade Pass,"12.0 miles, roundtrip","3,900 feet","7,600 feet",,"Sahale Arm — January 30, 2026",CascadeWanderer,Heavy recent snowfall has completely covered the trail. We couldn't find the route above the TH. No other footprints. The road had a closure sign posted 3 miles before the TH. Save yourself the frustration and wait.,not_hikeable
Heliotrope Ridge,https://www.wta.org/go-hiking/hikes/heliotrope-ridge,Mt. Baker Area > Glacier,"6.0 miles, roundtrip","2,000 feet","6,100 feet",3 out of 5 stars,"Heliotrope Ridge — September 6, 2024",NorthCascadesNick,Trail has some patchy snow starting around mile 2.5 near the ridgeline. Lower portions are clear and dry. Microspikes helpful but not required if you're careful. Beautiful conditions overall with just a hint of winter lingering.,modest_conditions
Wallace Falls,https://www.wta.org/go-hiking/hikes/wallace-falls,Central Cascades > Index,"5.6 miles, roundtrip","1,300 feet","1,600 feet",4 out of 5 stars,"Wallace Falls — February 7, 2026",SnoqualmieSusan,Just returned. Trail conditions: excellent. Zero snow. A few muddy sections after last week's rain but nothing requiring special footwear. The wildflowers were absolutely popping near the ridgeline.,hikeable
Heliotrope Ridge,https://www.wta.org/go-hiking/hikes/heliotrope-ridge,Mt. Baker Area > Glacier,"6.0 miles, roundtrip","2,000 feet","6,100 feet",3 out of 5 stars,"Heliotrope Ridge — March 28, 2025",WeekendWarriorWendy,Snow begins just past the main viewpoint. Lower sections are clear and pleasant. Some sections of icy trail on the shaded side of the ridge. We managed fine with poles and microspikes. Fewer people than usual.,modest_conditions
Heliotrope Ridge,https://www.wta.org/go-hiking/hikes/heliotrope-ridge,Mt. Baker Area > Glacier,"6.0 miles, roundtrip","2,000 feet","6,100 feet",5 out of 5 stars,"Heliotrope Ridge — July 30, 2025",OlympicPenHiker,Just got back from a wonderful day out here. Trail is completely clear of snow. Wildflowers are starting to come up near the upper meadows. Bring plenty of water as there are limited reliable sources right now.,hikeable
Maple Pass Loop,https://www.wta.org/go-hiking/hikes/maple-pass-loop,North Cascades > Methow Valley,"7.0 miles, roundtrip","2,000 feet","6,800 feet",4 out of 5 stars,"Maple Pass Loop — February 23, 2024",SnoqualmieSusan,"Conditions are 'mostly hikeable' with the right gear. Trail is clear from TH to the creek. After the creek there are intermittent snow patches, becoming continuous above 4,500 feet. Go prepared with traction devices.",modest_conditions
Annette Lake,https://www.wta.org/go-hiking/hikes/annette-lake,Snoqualmie Region > Snoqualmie Pass,"7.5 miles, roundtrip","1,300 feet","3,600 feet",1 out of 5 stars,"Annette Lake — February 20, 2026",CascadeWanderer,Conditions are dangerous. The trail above mile 2 is buried under 6 feet of wind-packed snow. The TH access road had downed trees blocking it — we had to turn around before even starting the hike.,not_hikeable
Twin Falls,https://www.wta.org/go-hiking/hikes/twin-falls,Snoqualmie Region > North Bend Area,"2.6 miles, roundtrip",500 feet,600 feet,1 out of 5 stars,"Twin Falls — November 14, 2024",AlpineAdventurer,Trail is completely snowed out. We turned back at mile 1 — snow was waist-deep with no visible trail. Conditions are impassable without snowshoes and navigation skills. Road to TH is also icy — use caution or stay home.,not_hikeable
Mailbox Peak,https://www.wta.org/go-hiking/hikes/mailbox-peak-new-trail,Snoqualmie Region > North Bend Area,"9.4 miles, roundtrip","4,000 feet","4,831 feet",5 out of 5 stars,"Mailbox Peak — April 16, 2024",WildflowerWatcher,"Did this hike on a clear sunny weekday. Trail was dry and in excellent condition, no snow whatsoever. Met a trail crew doing some maintenance near mile 3 — give them a wave! Spectacular scenery all the way.",hikeable
Mailbox Peak,https://www.wta.org/go-hiking/hikes/mailbox-peak-new-trail,Snoqualmie Region > North Bend Area,"9.4 miles, roundtrip","4,000 feet","4,831 feet",5 out of 5 stars,"Mailbox Peak — February 12, 2026",SnoqualmieSusan,Perfect early season hike! No snow anywhere. Road is open with no closures. The high meadows are coming alive with early blooms. We lingered at the lake for lunch and saw osprey hunting. 10/10 recommend.,hikeable
